cell,nfor_obs,ndefor_obs,ndefor_pred,nfor_obs_ha,ndefor_obs_ha,ndefor_pred_ha
433,64,4,4.625201720855015,5.76,0.36,0.4162681548769514
434,31,12,2.385872707279093,2.79,1.08,0.2147285436551184
512,21,0,1.3539471130163636,1.89,0.0,0.12185524017147273
513,427,7,11.784826731963092,38.43,0.63,1.0606344058766783
514,107,6,4.435742119072315,9.63,0.54,0.39921679071650834
515,87,6,8.601625430419272,7.83,0.54,0.7741462887377345
516,9,7,1.9564539644429246,0.81,0.63,0.17608085679986324
591,77,3,1.416450393363019,6.93,0.27,0.1274805354026717
592,88,6,11.306802842277056,7.92,0.54,1.017612255804935
593,82,0,10.648496717030687,7.38,0.0,0.9583647045327618
595,106,4,50.797545954591314,9.54,0.36,4.571779135913219
596,93,3,33.653877687035425,8.37,0.27,3.028848991833188
597,1,0,0.06632840765235201,0.09,0.0,0.005969556688711681
670,18,4,8.842984507026046,1.62,0.36,0.7958686056323442
671,16,7,2.2548536463782005,1.44,0.63,0.20293682817403805
673,2,1,1.7061654465303229,0.18,0.09,0.15355489018772905
675,8,5,5.5785618260028755,0.72,0.45,0.5020705643402588
676,202,2,19.464003271647652,18.18,0.18,1.7517602944482886
677,413,2,48.056984793961945,37.17,0.18,4.325128631456575
678,36,0,7.992920341342953,3.24,0.0,0.7193628307208657
749,13,4,3.8549397481670744,1.17,0.36,0.3469445773350367
750,6,1,2.057674182550602,0.54,0.09,0.1851906764295542
751,7,4,5.97157906285613,0.63,0.36,0.5374421156570517
753,38,20,32.417143484076135,3.42,1.8,2.917542913566852
754,47,2,40.09488799346259,4.23,0.18,3.6085399194116334
755,33,0,8.688873799307338,2.97,0.0,0.7819986419376604
756,3,1,1.3396998049859101,0.27,0.09,0.12057298244873191
757,67,19,29.38394818166545,6.03,1.71,2.6445553363498906
758,48,3,15.402862435103202,4.32,0.27,1.3862576191592881
759,20,1,3.2903882168502343,1.8,0.09,0.2961349395165211
828,115,22,32.49596334172877,10.35,1.98,2.924636700755589
829,23,12,12.270815903819829,2.07,1.08,1.1043734313437845
830,5,4,4.265413616325807,0.45,0.36,0.38388722546932263
831,6,5,2.6482845067713794,0.54,0.45,0.23834560560942414
832,4,1,3.4123308930606457,0.36,0.09,0.3071097803754581
833,135,25,64.91989001485356,12.15,2.25,5.842790101336821
834,37,2,11.056290448516288,3.33,0.18,0.9950661403664659
835,21,2,8.291838163067215,1.89,0.18,0.7462654346760493
837,1,0,0.8530827232651614,0.09,0.0,0.07677744509386453
838,1,1,0.2795475748564794,0.09,0.09,0.025159281737083147
839,21,0,5.690501541786178,1.89,0.0,0.512145138760756
907,56,3,8.267127499391254,5.04,0.27,0.7440414749452129
908,208,33,65.63567232806297,18.72,2.97,5.907210509525667
909,1,1,0.0,0.09,0.09,0.0
910,77,2,14.756506039272832,6.93,0.18,1.3280855435345549
911,320,14,55.33162789559163,28.8,1.26,4.979846510603247
912,149,43,77.43387568073679,13.41,3.87,6.969048811266311
913,53,9,17.519730218010164,4.77,0.81,1.576775719620915
914,184,9,22.2809562840627,16.56,0.81,2.005286065565643
919,150,0,2.5272504740198305,13.5,0.0,0.22745254266178477
987,172,11,15.995441395138434,15.48,0.99,1.439589725562459
988,419,26,198.6117792704779,37.71,2.34,17.875060134343013
989,116,15,62.29236311115149,10.44,1.35,5.606312680003634
990,344,15,35.54630955163353,30.96,1.35,3.199167859647017
991,146,0,10.810532568545677,13.14,0.0,0.9729479311691109
992,127,6,5.732427383077797,11.43,0.54,0.5159184644770017
993,162,23,26.03180300552391,14.58,2.07,2.3428622704971516
994,10,0,1.737329308118667,0.9,0.0,0.15635963773068
999,66,1,1.5721284676323186,5.94,0.09,0.14149156208690866
1000,4,1,0.17700646276583568,0.36,0.09,0.015930581648925208
1067,7,0,1.6500565954049358,0.63,0.0,0.14850509358644423
1068,421,18,115.57636024471175,37.89,1.62,10.401872422024057
1069,283,22,100.59697014839907,25.47,1.98,9.053727313355916
1070,48,1,6.873813210133742,4.32,0.09,0.6186431889120367
1072,17,0,0.5895208605332685,1.53,0.0,0.05305687744799416
1079,92,0,1.7347011638638918,8.28,0.0,0.15612310474775026
1080,22,4,0.21197604543813825,1.98,0.36,0.019077844089432444
1148,21,2,12.008264116336079,1.89,0.18,1.0807437704702472
1149,4,3,3.4123308930606457,0.36,0.27,0.3071097803754581
1151,16,4,1.3170722004555002,1.44,0.36,0.11853649804099503
1154,2,2,1.7061654465303229,0.18,0.18,0.15355489018772905
1158,1,0,0.8530827232651614,0.09,0.0,0.07677744509386453
1159,189,1,0.4143296606601723,17.01,0.09,0.0372896694594155
1160,36,0,0.22245148694384873,3.24,0.0,0.020020633824946385
1228,281,70,28.87276106501378,25.29,6.3,2.59854849585124
1229,705,21,44.65420994964783,63.45,1.89,4.018878895468305
1230,128,37,20.17415931420747,11.52,3.33,1.815674338278672
1231,210,11,47.322879793362446,18.9,0.99,4.25905918140262
1232,38,6,1.3293391272980337,3.42,0.54,0.11964052145682304
1235,2,0,0.0,0.18,0.0,0.0
1236,1,1,0.8530827232651614,0.09,0.09,0.07677744509386453
1239,60,0,0.1492790594571777,5.4,0.0,0.013435115351145993
1308,46,0,4.328751198034436,4.14,0.0,0.38958760782309926
1309,735,4,35.76834174992153,66.15,0.36,3.219150757492938
1310,1002,89,112.12616746469173,90.18,8.01,10.091355071822255
1311,471,55,59.075412457338054,42.39,4.95,5.316787121160425
1312,5,3,2.2757755170512373,0.45,0.27,0.20481979653461135
1314,4,0,0.33100510450795845,0.36,0.0,0.02979045940571626
1316,15,0,4.193213622847192,1.35,0.0,0.37738922605624725
1318,4,0,0.5814774473680272,0.36,0.0,0.05233297026312245
1319,165,16,9.81525868652363,14.85,1.44,0.8833732817871267
1390,52,1,5.807790931810852,4.68,0.09,0.5227011838629767
1391,770,64,29.758212500633544,69.3,5.76,2.678239125057019
1392,33,2,2.124780196947868,2.97,0.18,0.19123021772530813
1393,449,7,16.220883445372145,40.41,0.63,1.459879510083493
1394,151,0,17.81125462217728,13.59,0.0,1.6030129159959552
1396,2,1,0.8530827232651614,0.18,0.09,0.07677744509386453
1397,1,0,0.8530827232651614,0.09,0.0,0.07677744509386453
1399,235,15,11.068274749659215,21.15,1.35,0.9961447274693294
1446,13,4,0.0,1.17,0.36,0.0
1471,676,80,3.7581761513332577,60.84,7.2,0.33823585361999314
1472,765,39,30.4738348290957,68.85,3.51,2.742645134618613
1473,276,12,28.80549311583208,24.84,1.08,2.592494380424887
1474,6,0,0.9326520103229954,0.54,0.0,0.08393868092906959
1475,16,3,0.4599374497987132,1.44,0.27,0.041394370481884185
1476,1,0,0.0,0.09,0.0,0.0
1479,212,11,2.4031495879374614,19.08,0.99,0.2162834629143715
1480,239,8,2.057999617170663,21.51,0.72,0.18521996554535966
1526,44,12,0.0,3.96,1.08,0.0
1529,10,5,2.8704573425968625,0.9,0.45,0.25834116083371766
1530,12,2,0.5570455039917023,1.08,0.18,0.05013409535925321
1551,877,6,7.463759791062572,78.93,0.54,0.6717383811956316
1552,1209,25,29.249161648831713,108.81,2.25,2.632424548394854
1553,1179,23,10.477310804002194,106.11,2.07,0.9429579723601975
1554,485,8,4.31545887842407,43.65,0.72,0.38839129905816633
1555,58,12,8.13156703015954,5.22,1.08,0.7318410327143585
1556,6,1,3.2445488231664403,0.54,0.09,0.2920093940849796
1557,2,0,0.0,0.18,0.0,0.0
1558,1,0,0.0,0.09,0.0,0.0
1560,355,12,14.092959105936188,31.95,1.08,1.268366319534257
1561,60,2,0.49915452830343476,5.4,0.18,0.04492390754730913
1606,22,9,1.7315023472632214,1.98,0.81,0.15583521125368993
1607,607,31,17.104019181877202,54.63,2.79,1.5393617263689483
1608,393,44,93.5296909609434,35.37,3.96,8.417672186484905
1609,70,26,59.7157906285613,6.3,2.34,5.374421156570517
1610,45,16,8.807949570230722,4.05,1.44,0.792715461320765
1611,90,23,41.90166458833375,8.1,2.07,3.7711498129500374
1614,1,0,0.0,0.09,0.0,0.0
1615,2,0,0.0,0.18,0.0,0.0
1622,28,0,0.0990348370970754,2.52,0.0,0.008913135338736786
1623,729,159,45.11872678930868,65.61,14.31,4.060685411037781
1624,122,8,9.487643570763714,10.98,0.72,0.8538879213687341
1628,44,0,6.679727834745995,3.96,0.0,0.6011755051271395
1629,50,0,5.204187899057866,4.5,0.0,0.46837691091520794
1630,316,10,14.880979749557067,28.44,0.9,1.3392881774601362
1631,1114,36,23.584540334411074,100.26,3.24,2.122608630096997
1632,1273,0,8.923225509205418,114.57,0.0,0.8030902958284876
1633,933,11,23.92126108283266,83.97,0.99,2.1529134974549393
1634,787,51,14.200017295935401,70.83,4.59,1.278001556634186
1635,27,5,15.650552966982046,2.43,0.45,1.4085497670283842
1636,62,6,48.15884905734002,5.58,0.54,4.334296415160602
1637,57,0,5.064903652049782,5.13,0.0,0.4558413286844804
1638,17,0,8.67429271312873,1.53,0.0,0.7806863441815857
1639,5,0,3.92258340559763,0.45,0.0,0.3530325065037867
1640,367,0,11.630753044915057,33.03,0.0,1.046767774042355
1641,466,23,9.625773099797021,41.94,2.07,0.8663195789817318
1673,115,10,3.6549532771548168,10.35,0.9,0.3289457949439335
1674,46,1,1.7223438543432485,4.14,0.09,0.15501094689089237
1685,16,8,0.023757290935349486,1.44,0.72,0.002138156184181454
1686,629,87,19.110414058331898,56.61,7.83,1.7199372652498708
1687,1237,72,7.53783435680226,111.33,6.48,0.6784050921122035
1688,1065,65,58.12678072011972,95.85,5.85,5.2314102648107745
1689,340,52,132.5959934010996,30.6,4.68,11.933639406098964
1690,239,61,51.49705303821301,21.51,5.49,4.634734773439171
1691,139,24,56.07649801792313,12.51,2.16,5.046884821613081
1692,69,10,26.463447615637925,6.21,0.9,2.3817102854074133
1693,3,0,0.7299256225811231,0.27,0.0,0.06569330603230109
1695,43,0,0.0,3.87,0.0,0.0
1697,17,0,0.0,1.53,0.0,0.0
1702,71,0,0.0,6.39,0.0,0.0
1708,380,4,10.172205300213248,34.2,0.36,0.9154984770191923
1709,645,14,38.141536808514594,58.05,1.26,3.4327383127663134
1710,709,58,46.99376365852268,63.81,5.22,4.2294387292670415
1711,1534,30,12.97452422631649,138.06,2.7,1.1677071803684842
1712,1230,50,19.377939120259565,110.7,4.5,1.7440145208233608
1713,1235,13,15.912507056570544,111.15,1.17,1.432125635091349
1714,262,44,32.01716590640151,23.58,3.96,2.8815449315761357
1715,18,5,8.076713866452446,1.62,0.45,0.7269042479807201
1716,34,5,9.961280010831628,3.06,0.45,0.8965152009748465
1717,116,6,27.57952592302702,10.44,0.54,2.482157333072432
1718,87,6,13.357082075956992,7.83,0.54,1.2021373868361291
1719,6,2,4.15734887250093,0.54,0.18,0.3741613985250837
1720,18,2,4.7938229826148175,1.62,0.18,0.4314440684353336
1721,90,7,12.745735769128673,8.1,0.63,1.1471162192215807
1722,194,17,13.804308990202973,17.46,1.53,1.2423878091182676
1723,5,3,0.5089952615237668,0.45,0.27,0.04580957353713901
1724,1,0,0.0,0.09,0.0,0.0
1725,8,2,1.5238888671203057,0.72,0.18,0.13714999804082753
1726,9,3,0.6231639006259236,0.81,0.27,0.05608475105633313
1751,96,6,5.846636325848576,8.64,0.54,0.5261972693263719
1752,469,2,8.475292288299304,42.21,0.18,0.7627763059469373
1753,127,2,1.0107069619754747,11.43,0.18,0.09096362657779274
1754,11,0,0.0,0.99,0.0,0.0
1765,303,114,3.8447139478711434,27.27,10.26,0.3460242553084029
1766,1136,98,9.096277020500718,102.24,8.82,0.8186649318450646
1767,1394,82,5.630579476592267,125.46,7.38,0.506752152893304
1768,1363,59,12.505474219466256,122.67,5.31,1.125492679751963
1769,522,31,30.453057819853072,46.98,2.79,2.7407752037867765
1770,435,16,49.6696028847376,39.15,1.44,4.470264259626384
1771,58,13,20.09129722217757,5.22,1.17,1.8082167499959814
1772,80,8,17.95228815404191,7.2,0.72,1.6157059338637718
1773,251,35,58.250537360229394,22.59,3.15,5.242548362420646
1774,151,9,15.962703824727713,13.59,0.81,1.4366433442254942
1775,378,0,1.1122327486260146,34.02,0.0,0.10010094737634131
1788,1137,12,15.055296448790832,102.33,1.08,1.354976680391175
1789,723,24,41.95609781951451,65.07,2.16,3.776048803756306
1790,138,17,48.36215017184452,12.42,1.53,4.3525935154660065
1791,602,36,77.01577136710696,54.18,3.24,6.931419423039627
1792,781,44,32.62818330890185,70.29,3.96,2.9365364978011668
1793,911,38,41.209533132664504,81.99,3.42,3.708857981939805
1794,299,18,49.468440946491086,26.91,1.62,4.452159685184197
1795,108,17,6.245000688077917,9.72,1.53,0.5620500619270126
1796,135,39,57.661420251372604,12.15,3.51,5.189527822623535
1797,12,5,7.641195111613733,1.08,0.45,0.687707560045236
1798,80,10,35.407190108848525,7.2,0.9,3.1866471097963673
1799,12,8,10.236992679181938,1.08,0.72,0.9213293411263745
1800,32,2,15.782943444304905,2.88,0.18,1.4204649099874413
1801,263,16,32.860652066928985,23.67,1.44,2.9574586860236085
1802,150,1,20.04967762597078,13.5,0.09,1.80447098633737
1804,1,0,0.8530827232651614,0.09,0.0,0.07677744509386453
1805,263,10,11.067450037353407,23.67,0.9,0.9960705033618066
1806,28,0,1.0680171233601257,2.52,0.0,0.0961215411024113
1807,37,3,11.697351991857442,3.33,0.27,1.0527616792671697
1808,18,2,11.972477136618828,1.62,0.18,1.0775229422956945
1809,81,0,3.7123389936716435,7.29,0.0,0.33411050943044796
1810,14,1,0.41126696070945173,1.26,0.09,0.03701402646385066
1829,8,3,0.12051026971036313,0.72,0.27,0.010845924273932682
1830,474,6,1.1832741729126168,42.66,0.54,0.10649467556213552
1831,542,1,4.694555972197572,48.78,0.09,0.4225100374977815
1832,71,2,3.086557561994758,6.39,0.18,0.2777901805795282
1833,5,0,0.0,0.45,0.0,0.0
1834,4,2,0.0,0.36,0.18,0.0
1844,85,19,4.819703412567439,7.65,1.71,0.4337733071310696
1845,572,73,30.48639239383789,51.48,6.57,2.74377531544541
1846,1377,128,16.324397225261148,123.93,11.52,1.4691957502735034
1847,1531,79,2.717590069063973,137.79,7.11,0.24458310621575757
1848,1597,0,0.07395658593839789,143.73,0.0,0.006656092734455811
1849,1177,17,19.318495430056966,105.93,1.53,1.7386645887051269
1850,983,9,22.997026629595613,88.47,0.81,2.069732396663605
1851,407,40,59.83545706686098,36.63,3.6,5.385191136017489
1852,590,17,19.533738418012113,53.1,1.53,1.75803645762109
1853,213,18,14.685954227465519,19.17,1.62,1.3217358804718968
1854,274,58,36.13889306348586,24.66,5.22,3.252500375713727
1855,757,13,23.70044494405631,68.13,1.17,2.133040044965068
1856,462,3,35.21233071644248,41.58,0.27,3.169109764479823
1857,390,6,60.37862615173892,35.1,0.54,5.434076353656502
1858,123,4,34.21855564665966,11.07,0.36,3.0796700081993693
1868,1258,3,5.216649391221271,113.22,0.27,0.46949844520991435
1869,1167,21,78.11550483814096,105.03,1.89,7.030395435432687
1870,87,4,23.837309239671818,7.83,0.36,2.1453578315704633
1871,253,29,57.29537208524405,22.77,2.61,5.1565834876719645
1872,548,32,19.45858859623697,49.32,2.88,1.7512729736613273
1873,715,63,13.138659543538804,64.35,5.67,1.1824793589184923
1874,601,34,27.93048909413867,54.09,3.06,2.5137440184724804
1875,687,36,3.926018466759069,61.83,3.24,0.35334166200831624
1876,619,40,13.658954048173728,55.71,3.6,1.2293058643356354
1877,338,12,19.445722720457592,30.42,1.08,1.7501150448411833
1878,42,3,15.136233809998012,3.78,0.27,1.362261042899821
1879,14,12,11.94315812571226,1.26,1.08,1.0748842313141034
1880,8,1,2.8666381281280753,0.72,0.09,0.25799743153152677
1881,65,11,17.659471555773333,5.85,0.99,1.5893524400196
1884,4,0,0.1119977400526449,0.36,0.0,0.010079796604738041
1885,155,1,4.281687087414752,13.95,0.09,0.38535183786732763
1886,283,5,12.987572430449942,25.47,0.45,1.1688815187404948
1887,6,2,1.2650889500899356,0.54,0.18,0.1138580055080942
1889,5,0,0.17062241708105966,0.45,0.0,0.01535601753729537
1890,27,1,0.9000873998010205,2.43,0.09,0.08100786598209185
1891,151,1,12.504636967094905,13.59,0.09,1.1254173270385415
1907,27,2,1.4612947176230118,2.43,0.18,0.13151652458607108
1908,303,2,3.81466601189552,27.27,0.18,0.3433199410705968
1909,567,19,2.934543413799074,51.03,1.71,0.26410890724191666
1910,681,6,2.9050852978980095,61.29,0.54,0.2614576768108208
1911,182,3,0.077719480488421,16.38,0.27,0.006994753243957891
1912,2,0,0.0,0.18,0.0,0.0
1924,168,48,11.262153945513594,15.12,4.32,1.0135938550962236
1925,699,95,12.603166269123879,62.91,8.55,1.1342849642211492
1926,1328,151,9.220917584048893,119.52,13.59,0.8298825825644004
1927,1595,1,0.37893682303341775,143.55,0.09,0.0341043140730076
1928,1600,0,0.0,144.0,0.0,0.0
1929,1600,0,0.02844484074553765,144.0,0.0,0.0025600356670983887
1930,1580,1,1.7669711833829085,142.2,0.09,0.15902740650446176
1931,1263,35,24.099477615879994,113.67,3.15,2.1689529854291996
1932,576,18,19.550404865662752,51.84,1.62,1.7595364379096479
1933,253,14,25.57283238256857,22.77,1.26,2.3015549144311716
1934,55,10,19.10036879318522,4.95,0.9,1.7190331913866697
1935,83,25,67.7203941344548,7.47,2.25,6.094835472100932
1936,147,2,51.37292368346016,13.23,0.18,4.623563131511414
1937,330,8,75.86123802484542,29.7,0.72,6.827511422236087
1938,446,6,109.48831331276703,40.14,0.54,9.853948198149034
1939,580,2,25.323977241347936,52.2,0.18,2.2791579517213143
1940,69,5,1.42248710625822,6.21,0.45,0.12802383956323982
1941,175,22,0.2991198700784162,15.75,1.98,0.026920788307057457
1942,73,0,0.0,6.57,0.0,0.0
1947,326,1,7.249344456218448,29.34,0.09,0.6524410010596603
1948,1394,0,10.301728847195353,125.46,0.0,0.9271555962475817
1949,710,45,85.09277600323917,63.9,4.05,7.6583498402915255
1950,172,15,81.48680540444039,15.48,1.35,7.333812486399634
1951,62,11,10.940131355057604,5.58,0.99,0.9846118219551843
1952,314,36,22.214919623606836,28.26,3.24,1.999342766124615
1953,598,26,13.588285334007221,53.82,2.34,1.2229456800606497
1954,1051,22,10.000083356271247,94.59,1.98,0.9000075020644123
1955,997,14,5.5776266499098,89.73,1.26,0.501986398491882
1956,980,63,11.974316394289284,88.2,5.67,1.0776884754860356
1957,1071,93,21.6252827524654,96.39,8.37,1.946275447721886
1958,478,119,61.432471517758586,43.02,10.71,5.528922436598273
1959,61,6,12.490101395900552,5.49,0.54,1.1241091256310498
1960,104,22,48.88536077598475,9.36,1.98,4.399682469838628
1961,255,42,51.89498995256987,22.95,3.78,4.670549095731288
1962,18,8,5.549505742902196,1.62,0.72,0.4994555168611976
1963,27,3,2.210880206811395,2.43,0.27,0.19897921861302553
1964,139,3,20.403286705105334,12.51,0.27,1.83629580345948
1965,1,0,0.0,0.09,0.0,0.0
1966,1,1,0.06632840765235201,0.09,0.09,0.005969556688711681
1967,61,2,4.99209708622511,5.49,0.18,0.44928873776025996
1971,94,5,7.206253344474886,8.46,0.45,0.6485628010027398
1972,62,6,8.321091576168504,5.58,0.54,0.7488982418551654
1987,140,0,9.786003036193478,12.6,0.0,0.880740273257413
1988,154,9,1.6732608629079844,13.86,0.81,0.1505934776617186
1989,12,1,0.0,1.08,0.09,0.0
1990,5,0,0.296303914764115,0.45,0.0,0.026667352328770353
2004,522,97,33.3465677499154,46.98,8.73,3.001191097492386
2005,1001,121,22.62644656698395,90.09,10.89,2.0363801910285555
2006,1562,5,0.2462661325193605,140.58,0.45,0.022163951926742444
2007,1600,0,0.0,144.0,0.0,0.0
2008,1600,0,0.0,144.0,0.0,0.0
2009,1599,0,0.0,143.91,0.0,0.0
2010,1599,0,0.0,143.91,0.0,0.0
2011,1493,16,1.4449979098733128,134.37,1.44,0.13004981188859815
2012,1531,11,0.6904942814264016,137.79,0.99,0.06214448532837614
2013,1040,38,34.53943423162768,93.6,3.42,3.1085490808464913
2014,369,15,37.41224734822302,33.21,1.35,3.367102261340072
2015,258,11,74.65221050037648,23.22,0.99,6.718698945033884
2016,72,6,10.496213445495918,6.48,0.54,0.9446592100946327
2017,280,25,56.954681354688795,25.2,2.25,5.125921321921991
2018,1135,4,113.74273984677761,102.15,0.36,10.236846586209985
2019,1364,26,32.0280504484222,122.76,2.34,2.882524540357998
2020,1477,103,11.644493735965467,132.93,9.27,1.048004436236892
2021,1046,46,1.0764574881857705,94.14,4.14,0.09688117393671934
2022,87,0,0.0,7.83,0.0,0.0
2026,8,0,0.23879694466198378,0.72,0.0,0.02149172501957854
2027,1184,0,10.7714569791359,106.56,0.0,0.969431128122231
2028,1396,40,19.191508481616307,125.64,3.6,1.7272357633454674
2029,762,60,46.56055404400931,68.58,5.4,4.190449863960838
2030,27,1,3.907820322385894,2.43,0.09,0.35170382901473046
2031,3,3,1.3930140147941106,0.27,0.27,0.12537126133146995
2032,95,18,20.825892993153673,8.55,1.62,1.8743303693838305
2033,718,48,24.75341626062437,64.62,4.32,2.2278074634561933
2034,861,24,25.019762144729544,77.49,2.16,2.2517785930256586
2035,932,63,24.347172382712156,83.88,5.67,2.191245514444094
2036,951,38,15.286912431659468,85.59,3.42,1.3758221188493522
2037,712,21,14.839803721521125,64.08,1.89,1.3355823349369014
2038,775,57,28.263090227891755,69.75,5.13,2.543678120510258
2039,404,39,14.031603108478135,36.36,3.51,1.2628442797630322
2040,68,3,7.792153438850455,6.12,0.27,0.701293809496541
2041,113,13,13.59587563116726,10.17,1.17,1.2236288068050536
2042,44,5,4.4593651326480614,3.96,0.45,0.4013428619383255
2043,109,19,18.46658104644677,9.81,1.71,1.6619922941802092
2044,11,3,2.392058533274837,0.99,0.27,0.21528526799473535
2047,16,2,5.637561917110507,1.44,0.18,0.5073805725399456
2050,2,1,0.0,0.18,0.09,0.0
2052,94,5,30.27464241901834,8.46,0.45,2.7247178177116504
2053,13,11,2.548524809460815,1.17,0.99,0.2293672328514733
2067,4,0,0.2795475748564794,0.36,0.0,0.025159281737083147
2084,196,46,4.688649419590781,17.64,4.14,0.42197844776317023
2085,1123,82,3.896366109549009,101.07,7.38,0.3506729498594108
2086,1591,2,0.0,143.19,0.18,0.0
2087,1600,0,0.0,144.0,0.0,0.0
2088,1600,0,0.0,144.0,0.0,0.0
2089,1600,0,0.0,144.0,0.0,0.0
2090,1599,0,0.0,143.91,0.0,0.0
2091,1600,0,0.0,144.0,0.0,0.0
2092,1585,0,0.21483843309991144,142.65,0.0,0.01933545897899203
2093,933,18,13.3544255311318,83.97,1.62,1.2018982978018622
2094,584,12,34.31494033519419,52.56,1.08,3.088344630167477
2095,139,13,45.34252896899118,12.51,1.17,4.080827607209207
2096,220,12,87.83326995633753,19.8,1.08,7.904994296070377
2097,292,9,102.24549369403778,26.28,0.81,9.202094432463399
2098,546,11,48.395781277191055,49.14,0.99,4.355620314947195
2099,637,19,34.152656217729024,57.33,1.71,3.073739059595612
2100,935,5,8.935245165176406,84.15,0.45,0.8041720648658766
2101,333,1,1.1308225150687272,29.97,0.09,0.10177402635618545
2102,25,0,21.327068081629037,2.25,0.0,1.9194361273466132
2104,215,21,44.180379151280725,19.35,1.89,3.976234123615265
2105,389,15,73.61930466447244,35.01,1.35,6.62573741980252
2106,909,1,13.861391424513796,81.81,0.09,1.2475252282062417
2107,1100,0,25.29610728732511,99.0,0.0,2.27664965585926
2108,1432,9,19.194079070875866,128.88,0.81,1.727467116378828
2109,247,14,21.859894398778344,22.23,1.26,1.9673904958900508
2110,83,16,19.496355408450597,7.47,1.44,1.7546719867605538
2111,108,17,8.993317301777497,9.72,1.53,0.8093985571599748
2112,247,26,10.919433524187804,22.23,2.34,0.9827490171769022
2113,714,49,33.613463558734836,64.26,4.41,3.0252117202861353
2114,955,27,18.620515704199924,85.95,2.43,1.6758464133779933
2115,948,10,25.30907936595403,85.32,0.9,2.2778171429358625
2116,1167,19,13.034588027080288,105.03,1.71,1.1731129224372259
2117,1221,18,13.014391683659854,109.89,1.62,1.1712952515293868
2118,1018,59,24.557173784357023,91.62,5.31,2.210145640592132
2119,737,24,3.6112350737472925,66.33,2.16,0.3250111566372563
2120,330,8,15.158434072627031,29.7,0.72,1.364259066536433
2121,73,5,9.090333479205567,6.57,0.45,0.818130013128501
2122,7,0,0.1431500735880519,0.63,0.0,0.012883506622924671
2123,4,2,2.5592481697954845,0.36,0.18,0.23033233528159364
2124,11,0,1.7994561472888844,0.99,0.0,0.1619510532559996
2127,1,0,0.8530827232651614,0.09,0.0,0.07677744509386453
2129,4,4,3.4123308930606457,0.36,0.36,0.3071097803754581
2130,2,2,1.7061654465303229,0.18,0.18,0.15355489018772905
2132,84,29,61.486167705475914,7.56,2.61,5.533755093492832
2133,211,74,103.11888014014306,18.99,6.66,9.280699212612875
2163,6,1,0.5563131719918113,0.54,0.09,0.05006818547926302
2164,113,36,4.60150203161933,10.17,3.24,0.41413518284573975
2165,887,81,20.487886938549856,79.83,7.29,1.843909824469487
2166,1575,21,4.851212479945874,141.75,1.89,0.4366091231951286
2167,1600,0,0.0,144.0,0.0,0.0
2168,1600,0,0.0,144.0,0.0,0.0
2169,1600,0,0.0,144.0,0.0,0.0
2170,1600,0,0.0,144.0,0.0,0.0
2171,1600,0,0.0,144.0,0.0,0.0
2172,1513,5,4.344804112597632,136.17,0.45,0.39103237013378694
2173,1108,65,34.29530628604186,99.72,5.85,3.086577565743767
2174,825,85,41.88408931797358,74.25,7.65,3.7695680386176225
2175,256,20,34.71681195242011,23.04,1.8,3.1245130757178097
2176,331,12,50.516410245921094,29.79,1.08,4.546476922132898
2177,67,12,28.79037261194813,6.03,1.08,2.5911335350753317
2178,521,38,48.22862357521885,46.89,3.42,4.340576121769696
2179,177,4,11.802413824639984,15.93,0.36,1.0622172442175986
2180,354,20,95.92188781296083,31.86,1.8,8.632969903166474
2181,72,5,44.47997568932701,6.48,0.45,4.003197812039431
2182,195,8,141.10109580987108,17.55,0.72,12.699098622888398
2183,14,0,10.796087828894896,1.26,0.0,0.9716479046005406
2184,52,6,18.74496298236324,4.68,0.54,1.6870466684126917
2185,319,0,42.59465754314926,28.71,0.0,3.8335191788834337
2186,1088,29,30.982311480585672,97.92,2.61,2.7884080332527104
2187,1501,19,19.20079091351968,135.09,1.71,1.7280711822167711
2188,1201,32,38.70690216067701,108.09,2.88,3.483621194460931
2189,266,36,30.614369752800737,23.94,3.24,2.7552932777520662
2190,37,7,21.89303620750889,3.33,0.63,1.9703732586758
2191,203,20,106.87387278515111,18.27,1.8,9.6186485506636
2192,454,37,56.64634134574725,40.86,3.33,5.098170721117253
2193,778,123,103.30561763459383,70.02,11.07,9.297505587113445
2194,832,97,81.06681500605502,74.88,8.73,7.296013350544952
2195,902,52,28.975378373912488,81.18,4.68,2.6077840536521237
2196,1203,14,8.315208664957654,108.27,1.26,0.7483687798461889
2197,1350,3,17.58568754725737,121.5,0.27,1.5827118792531631
2198,1269,17,9.101579078531444,114.21,1.53,0.8191421170678299
2199,1226,34,5.465224920820048,110.34,3.06,0.49187024287380426
2200,820,53,27.511307171329978,73.8,4.77,2.476017645419698
2201,295,5,31.12877480543481,26.55,0.45,2.801589732489133
2202,40,0,15.627064912928471,3.6,0.0,1.4064358421635625
2203,11,1,3.023543570076176,0.99,0.09,0.2721189213068559
2204,5,0,3.92258340559763,0.45,0.0,0.3530325065037867
2205,14,2,0.8284575168826678,1.26,0.18,0.0745611765194401
2206,1,0,0.0,0.09,0.0,0.0
2207,3,3,2.5592481697954845,0.27,0.27,0.23033233528159364
2208,1,0,0.0,0.09,0.0,0.0
2209,18,0,8.67429271312873,1.62,0.0,0.7806863441815857
2210,8,5,6.481831575393115,0.72,0.45,0.5833648417853804
2211,3,2,1.2361021576545397,0.27,0.18,0.11124919418890857
2212,19,10,12.094609213299941,1.71,0.9,1.0885148291969946
2213,67,1,36.69976341249082,6.03,0.09,3.3029787071241734
2214,113,16,42.282091311805665,10.17,1.44,3.80538821806251
2215,7,5,5.97157906285613,0.63,0.45,0.5374421156570517
2243,1,1,0.1915097171946891,0.09,0.09,0.01723587454752202
2244,124,51,33.58761241490438,11.16,4.59,3.022885117341394
2245,901,98,20.850592251036794,81.09,8.82,1.8765533025933112
2246,1599,0,0.0654231337147366,143.91,0.0,0.005888082034326294
2247,1600,0,0.0,144.0,0.0,0.0
2248,1600,0,0.0,144.0,0.0,0.0
2249,1600,0,0.0,144.0,0.0,0.0
2250,1600,0,0.0,144.0,0.0,0.0
2251,1600,0,0.0,144.0,0.0,0.0
2252,1467,22,6.102361419002925,132.03,1.98,0.5492125277102632
2253,855,88,52.370983495101825,76.95,7.92,4.713388514559164
2254,768,58,59.954408164520544,69.12,5.22,5.395896734806849
2255,218,43,39.18172281177228,19.62,3.87,3.526355053059506
2256,270,18,67.11251845897047,24.3,1.62,6.040126661307342
2257,236,27,78.68605512900741,21.24,2.43,7.081744961610668
2258,332,9,52.99150065175724,29.88,0.81,4.769235058658151
2259,447,33,64.44517883512849,40.23,2.97,5.800066095161564
2260,325,12,92.09959415184507,29.25,1.08,8.288963473666056
2261,272,10,136.40771770763337,24.48,0.9,12.276694593687003
2262,551,20,96.69190452314818,49.59,1.8,8.702271407083336
2263,62,8,9.944462959981395,5.58,0.72,0.8950016663983255
2264,596,29,52.79688217098961,53.64,2.61,4.751719395389065
2265,997,19,20.928395189536644,89.73,1.71,1.883555567058298
2266,1173,9,30.74084135991761,105.57,0.81,2.7666757223925846
2267,868,69,68.43738426018339,78.12,6.21,6.159364583416505
2268,547,5,21.625715521894254,49.23,0.45,1.946314396970483
2269,6,0,2.9173171608199038,0.54,0.0,0.26255854447379134
2270,38,8,14.678133050474477,3.42,0.72,1.3210319745427028
2271,220,51,51.18706244249839,19.8,4.59,4.606835619824855
2272,345,53,94.62314830123385,31.05,4.77,8.516083347111048
2273,542,65,45.534036233833085,48.78,5.85,4.098063261044977
2274,723,94,45.069039817417455,65.07,8.46,4.056213583567571
2275,956,24,20.927962336865058,86.04,2.16,1.8835166103178551
2276,1180,10,5.724909813064609,106.2,0.9,0.5152418831758148
2277,1171,16,24.47581819131389,105.39,1.44,2.20282363721825
2278,1081,34,23.702012287428044,97.29,3.06,2.1331811058685237
2279,862,31,10.428439876457292,77.58,2.79,0.9385595888811562
2280,710,38,32.69355087834667,63.9,3.42,2.9424195790512004
2281,523,63,79.90016804979103,47.07,5.67,7.1910151244811935
2282,176,31,47.01086220076162,15.84,2.79,4.230977598068546
2283,55,0,4.5108274268957365,4.95,0.0,0.40597446842061624
2284,22,0,1.457631546822466,1.98,0.0,0.13118683921402194
2285,43,3,4.6965054650515645,3.87,0.27,0.4226854918546408
2286,2,1,1.2255917129853038,0.18,0.09,0.11030325416867734
2287,1,0,0.8530827232651614,0.09,0.0,0.07677744509386453
2288,1,0,0.0,0.09,0.0,0.0
2289,30,10,17.36455664047859,2.7,0.9,1.562810097643073
2290,29,5,24.396568763961508,2.61,0.45,2.195691188756536
2291,25,1,6.279726041179965,2.25,0.09,0.5651753437061968
2292,12,4,7.569679765561577,1.08,0.36,0.6812711789005419
2293,33,0,16.475370334552352,2.97,0.0,1.4827833301097118
2294,74,9,44.285649179616556,6.66,0.81,3.98570842616549
2295,302,9,59.14857024467879,27.18,0.81,5.3233713220210905
2296,32,2,4.588684190460221,2.88,0.18,0.4129815771414199
2297,12,2,0.0,1.08,0.18,0.0
2298,2,2,0.0,0.18,0.18,0.0
2324,365,189,127.08026873272829,32.85,17.01,11.437224185945546
2325,1326,468,56.646193876681984,119.34,42.12,5.098157448901379
2326,1599,8,0.2195853805100511,143.91,0.72,0.0197626842459046
2327,1600,0,0.0,144.0,0.0,0.0
2328,1600,0,0.0,144.0,0.0,0.0
2329,1600,0,0.0,144.0,0.0,0.0
2330,1600,0,0.0,144.0,0.0,0.0
2331,1598,0,0.0,143.82,0.0,0.0
2332,1582,0,0.588761461666936,142.38,0.0,0.05298853155002424
2333,1257,48,19.82645093306332,113.13,4.32,1.7843805839756988
2334,592,81,47.71528555017538,53.28,7.29,4.2943756995157845
2335,297,48,76.37117443469411,26.73,4.32,6.87340569912247
2336,335,39,110.22864888841505,30.15,3.51,9.920578399957353
2337,385,22,70.7669350284538,34.65,1.98,6.369024152560842
2338,186,4,41.72072694574216,16.74,0.36,3.7548654251167943
2339,189,8,73.46008384348293,17.01,0.72,6.611407545913464
2340,185,12,41.48986303352182,16.65,1.08,3.734087673016964
2341,221,9,41.17881719331872,19.89,0.81,3.706093547398685
2342,185,19,41.71634607429005,16.65,1.71,3.7544711466861043
2343,92,23,19.20807066293496,8.28,2.07,1.7287263596641465
2344,462,25,10.74771637315178,41.58,2.25,0.9672944735836602
2345,761,47,6.554531952371418,68.49,4.23,0.5899078757134276
2346,563,72,24.184986517063148,50.67,6.48,2.1766487865356834
2347,414,29,25.713068940994848,37.26,2.61,2.3141762046895367
2348,99,8,7.515286813470594,8.91,0.72,0.6763758132123534
2349,92,21,17.73278685749442,8.28,1.89,1.5959508171744978
2350,289,53,45.2637333620506,26.01,4.77,4.073736002584554
2351,278,35,82.8335079366531,25.02,3.15,7.45501571429878
2352,368,144,93.74244479605576,33.12,12.96,8.43682003164502
2353,526,97,49.59068854777061,47.34,8.73,4.463161969299355
2354,776,49,63.58230049191815,69.84,4.41,5.722407044272633
2355,693,93,39.44265688312018,62.37,8.37,3.549839119480816
2356,881,39,35.71581901621473,79.29,3.51,3.214423711459326
2357,643,43,26.504508028061483,57.87,3.87,2.3854057225255336
2358,716,31,16.437889409810676,64.44,2.79,1.479410046882961
2359,513,17,8.85800154339469,46.17,1.53,0.7972201389055221
2360,741,14,14.842776278310067,66.69,1.26,1.335849865047906
2361,555,27,52.496841232320236,49.95,2.43,4.724715710908821
2362,378,9,60.42879853877549,34.02,0.81,5.438591868489794
2363,2,0,1.7061654465303229,0.18,0.0,0.15355489018772905
2364,10,4,3.047247600845764,0.9,0.36,0.27425228407611874
2365,2,0,1.2255917129853038,0.18,0.0,0.11030325416867734
2366,184,7,33.90630095976086,16.56,0.63,3.0515670863784776
2367,13,0,3.6360322698060217,1.17,0.0,0.32724290428254194
2368,2,2,1.7061654465303229,0.18,0.18,0.15355489018772905
2369,25,0,2.199865197545018,2.25,0.0,0.19798786777905164
2370,31,1,8.856968394293492,2.79,0.09,0.7971271554864142
2371,7,4,3.4340240649420473,0.63,0.36,0.30906216584478424
2372,2,0,0.0,0.18,0.0,0.0
2374,2,0,0.5590951497129588,0.18,0.0,0.05031856347416629
2376,3,1,1.1658743869159751,0.27,0.09,0.10492869482243775
2377,10,0,0.0,0.9,0.0,0.0
2378,9,3,1.642882810658625,0.81,0.27,0.14785945295927624
2379,3,0,2.5592481697954845,0.27,0.0,0.23033233528159364
2380,6,0,0.0,0.54,0.0,0.0
2404,299,122,62.94904779393556,26.91,10.98,5.665414301454201
2405,1047,420,68.09928922564309,94.23,37.8,6.1289360303078775
2406,1350,43,2.2248068483319163,121.5,3.87,0.20023261634987247
2407,1597,2,0.0,143.73,0.18,0.0
2408,1600,0,0.0,144.0,0.0,0.0
2409,1593,0,0.0,143.37,0.0,0.0
2410,1600,0,0.0,144.0,0.0,0.0
2411,1600,0,0.0,144.0,0.0,0.0
2412,1599,0,0.0,143.91,0.0,0.0
2413,1500,2,3.3941409234081013,135.0,0.18,0.3054726831067291
2414,651,5,42.73729586095124,58.59,0.45,3.8463566274856116
2415,207,56,143.19787394833045,18.63,5.04,12.887808655349742
2416,182,42,143.26199825877316,16.38,3.78,12.893579843289585
2417,195,23,71.06534701740445,17.55,2.07,6.395881231566401
2418,332,7,83.70916011908922,29.88,0.63,7.53382441071803
2419,424,33,119.53046383550368,38.16,2.97,10.75774174519533
2420,328,36,133.72750858721838,29.52,3.24,12.035475772849654
2421,158,12,46.464772377236336,14.22,1.08,4.1818295139512704
2422,53,20,14.153049073621501,4.77,1.8,1.273774416625935
2423,81,27,11.446621111423681,7.29,2.43,1.0301959000281313
2424,371,27,17.465653244889612,33.39,2.43,1.571908792040065
2425,186,28,5.740115742437588,16.74,2.52,0.5166104168193829
2426,340,70,29.89210216660898,30.6,6.3,2.690289194994808
2427,11,4,4.314301323876649,0.99,0.36,0.38828711914889846
2428,59,27,10.015658836774923,5.31,2.43,0.9014092953097431
2429,465,146,100.65886942797157,41.85,13.14,9.059298248517441
2430,738,129,114.04067898929905,66.42,11.61,10.263661109036914
2431,514,113,151.96765725596495,46.26,10.17,13.677089153036844
2432,510,147,77.20826387603498,45.9,13.23,6.948743748843148
2433,470,65,40.28712724101064,42.3,5.85,3.6258414516909574
2434,498,90,61.29580825915876,44.82,8.1,5.516622743324288
2435,614,86,77.24101600040481,55.26,7.74,6.951691440036433
2436,523,33,75.50736116377121,47.07,2.97,6.795662504739409
2437,439,13,23.860147904650514,39.51,1.17,2.1474133114185463
2438,518,0,16.056636494930483,46.62,0.0,1.4450972845437435
2439,531,7,15.391913062288593,47.79,0.63,1.3852721756059734
2440,100,5,16.763318630979438,9.0,0.45,1.5086986767881494
2441,67,3,16.47511685097475,6.03,0.27,1.4827605165877276
2442,52,12,28.945531206867297,4.68,1.08,2.6050978086180567
2443,116,10,12.465384526717125,10.44,0.9,1.1218846074045412
2445,46,3,4.3364839200532606,4.14,0.27,0.39028355280479343
2446,63,1,14.387375823931743,5.67,0.09,1.2948638241538568
2447,40,0,14.087491330028708,3.6,0.0,1.2678742197025838
2448,22,4,13.32426145550804,1.98,0.36,1.1991835309957235
2449,7,2,2.2184122327191385,0.63,0.18,0.19965710094472247
2460,3,0,0.0,0.27,0.0,0.0
2485,216,82,10.448514470151762,19.44,7.38,0.9403663023136585
2486,1142,61,10.421795583435037,102.78,5.49,0.9379616025091533
2487,1509,18,2.007357375735787,135.81,1.62,0.18066216381622086
2488,1547,15,0.6683895684915947,139.23,1.35,0.060155061164243524
2489,1576,9,0.0,141.84,0.81,0.0
2490,1600,2,0.0,144.0,0.18,0.0
2491,1600,0,0.0,144.0,0.0,0.0
2492,1600,0,0.0,144.0,0.0,0.0
2493,1600,0,0.0,144.0,0.0,0.0
2494,1478,11,19.100255560727266,133.02,0.99,1.7190230004654539
2495,511,27,75.34547669606454,45.99,2.43,6.781092902645808
2496,356,54,121.94354693221868,32.04,4.86,10.97491922389968
2497,298,40,184.96519317180278,26.82,3.6,16.64686738546225
2498,397,53,129.92908320266397,35.73,4.77,11.693617488239758
2499,626,55,166.74975964545854,56.34,4.95,15.007478368091268
2500,215,67,161.12270741942248,19.35,6.03,14.501043667748023
2501,176,35,88.35378315279512,15.84,3.15,7.9518404837515595
2502,115,9,36.58537751862905,10.35,0.81,3.292683976676615
2503,121,25,11.78096789227887,10.89,2.25,1.0602871103050981
2504,13,1,1.5648410465047824,1.17,0.09,0.1408356941854304
2505,26,0,2.0731686273611922,2.34,0.0,0.1865851764625073
2506,29,5,3.3099251409306305,2.61,0.45,0.29789326268375677
2507,7,3,1.8756754928799717,0.63,0.27,0.16881079435919746
2508,177,41,21.19271662745846,15.93,3.69,1.9073444964712614
2509,838,119,93.00046348592134,75.42,10.71,8.37004171373292
2510,767,113,54.72023503503883,69.03,10.17,4.924821153153495
2511,772,146,95.21554415905501,69.48,13.14,8.569398974314952
2512,593,79,50.75472010412752,53.37,7.11,4.567924809371477
2513,793,85,37.36219850366819,71.37,7.65,3.362597865330137
2514,538,111,76.22843534647875,48.42,9.99,6.8605591811830875
2515,553,60,107.29798973722873,49.77,5.4,9.656819076350587
2516,258,38,139.93668815125565,23.22,3.42,12.594301933613009
2517,224,23,49.89610319745795,20.16,2.07,4.490649287771215
2518,213,3,34.77339155930254,19.17,0.27,3.1296052403372285
2519,200,11,77.3606315505979,18.0,0.99,6.962456839553811
2520,237,6,40.14062270320727,21.33,0.54,3.6126560432886543
2521,55,12,21.295222293854522,4.95,1.08,1.9165700064469071
2522,129,10,21.524037015801074,11.61,0.9,1.9371633314220966
2523,67,0,3.8887800556289793,6.03,0.0,0.34999020500660816
2566,1243,205,55.13914549996456,111.87,18.45,4.96252309499681
2567,1355,165,31.98089467854409,121.95,14.85,2.878280521068968
2568,1563,15,0.8614687652359463,140.67,1.35,0.07753218887123517
2569,1600,1,0.0,144.0,0.09,0.0
2570,1600,0,0.0,144.0,0.0,0.0
2571,1598,0,0.0,143.82,0.0,0.0
2572,1600,0,0.0,144.0,0.0,0.0
2573,1599,0,0.0,143.91,0.0,0.0
2574,1595,1,0.8438128596494967,143.55,0.09,0.07594315736845471
2575,1443,11,7.522532268974516,129.87,0.99,0.6770279042077065
2576,733,49,61.354046032399616,65.97,4.41,5.521864142915965
2577,535,85,136.29962103540885,48.15,7.65,12.266965893186796
2578,580,58,106.0767653827212,52.2,5.22,9.546908884444909
2579,571,56,117.98302000233258,51.39,5.04,10.618471800209933
2580,195,42,149.00147661975845,17.55,3.78,13.41013289577826
2581,270,58,114.92147927548446,24.3,5.22,10.3429331347936
2582,107,23,26.130963771436615,9.63,2.07,2.3517867394292953
2583,355,2,8.071715951109896,31.95,0.18,0.7264544355998906
2586,9,4,1.1977083777968671,0.81,0.36,0.10779375400171805
2587,138,1,2.4635191903007545,12.42,0.09,0.22171672712706791
2588,38,10,3.3889442952409614,3.42,0.9,0.30500498657168656
2589,307,64,48.43463301730007,27.63,5.76,4.359116971557007
2590,729,136,75.48914785213171,65.61,12.24,6.794023306691853
2591,477,68,35.118818523720805,42.93,6.12,3.1606936671348724
2592,896,52,48.7950929062982,80.64,4.68,4.391558361566838
2593,420,45,71.62777991785225,37.8,4.05,6.4465001926067025
2594,502,67,110.74570862143878,45.18,6.03,9.96711377592949
2595,384,36,87.96812289419503,34.56,3.24,7.917131060477553
2596,91,14,39.93909490606018,8.19,1.26,3.594518541545416
2597,164,12,48.0176068334802,14.76,1.08,4.321584615013218
2598,217,6,50.526645246171725,19.53,0.54,4.547398072155455
2599,79,6,24.66161902847605,7.11,0.54,2.2195457125628444
2600,59,7,13.33386096366963,5.31,0.63,1.2000474867302668
2601,1,0,0.8530827232651614,0.09,0.0,0.07677744509386453
2646,687,188,101.50135292238718,61.83,16.92,9.135121763014848
2647,1343,138,39.25347162822519,120.87,12.42,3.5328124465402673
2648,1597,20,0.014222420372768826,143.73,1.8,0.0012800178335491943
2649,1600,0,0.0,144.0,0.0,0.0
2650,1600,0,0.0,144.0,0.0,0.0
2651,1600,0,0.0,144.0,0.0,0.0
2652,1600,0,0.0,144.0,0.0,0.0
2653,1600,0,0.0,144.0,0.0,0.0
2654,1600,0,0.0,144.0,0.0,0.0
2655,1584,2,0.2432832738454491,142.56,0.18,0.02189549464609042
2656,1414,4,22.543019746563154,127.26,0.36,2.028871777190684
2657,807,73,83.19863502707881,72.63,6.57,7.487877152437092
2658,997,41,62.00420865716594,89.73,3.69,5.580378779144934
2659,842,27,52.33648817701154,75.78,2.43,4.710283935931038
2660,638,48,162.03653935057508,57.42,4.32,14.583288541551758
2661,367,60,93.47030085837048,33.03,5.4,8.412327077253343
2662,761,64,77.36999194573303,68.49,5.76,6.963299275115974
2663,781,8,15.440376853818945,70.29,0.72,1.389633916843705
2667,51,0,0.7962442790498857,4.59,0.0,0.0716619851144897
2668,26,0,0.2304565168519651,2.34,0.0,0.02074108651667686
2670,99,2,21.089763578879484,8.91,0.18,1.8980787220991537
2671,220,25,36.04499401093091,19.8,2.25,3.2440494609837818
2672,283,18,34.660115565149056,25.47,1.62,3.1194104008634147
2673,202,45,69.99621159580039,18.18,4.05,6.299659043622035
2674,45,7,10.118547625466585,4.05,0.63,0.9106692862919926
2675,321,6,17.16821948753812,28.89,0.54,1.5451397538784308
2676,383,19,8.305790065814758,34.47,1.71,0.7475211059233282
2677,192,3,8.89028149764212,17.28,0.27,0.8001253347877908
2678,181,8,10.313704698442733,16.29,0.72,0.928233422859846
2679,19,2,3.605599828985257,1.71,0.18,0.32450398460867313
2725,136,40,11.116137270006714,12.24,3.6,1.0004523543006043
2726,1252,149,50.317009504913855,112.68,13.41,4.528530855442247
2727,1484,55,12.320271680993791,133.56,4.95,1.1088244512894412
2728,1597,4,0.0,143.73,0.36,0.0
2729,1593,3,0.0,143.37,0.27,0.0
2730,1600,0,0.0,144.0,0.0,0.0
2731,1600,0,0.0,144.0,0.0,0.0
2732,1599,0,0.0,143.91,0.0,0.0
2733,1598,0,0.0,143.82,0.0,0.0
2734,1600,0,0.0,144.0,0.0,0.0
2735,1599,0,0.0,143.91,0.0,0.0
2736,1263,14,9.41864939886137,113.67,1.26,0.8476784458975233
2737,909,25,33.645168696989046,81.81,2.25,3.028065182729014
2738,1145,50,47.496850831015415,103.05,4.5,4.274716574791388
2739,1186,33,29.298898614506747,106.74,2.97,2.6369008753056074
2740,1096,72,82.22295387270466,98.64,6.48,7.400065848543419
2741,293,108,169.77307979164942,26.37,9.72,15.279577181248449
2742,221,102,107.68675440101177,19.89,9.18,9.691807896091058
2743,74,6,6.448079818185401,6.66,0.54,0.5803271836366861
2753,42,1,5.464852699124506,3.78,0.09,0.4918367429212056
2754,149,83,51.73596044962176,13.41,7.47,4.656236440465958
2755,35,6,2.645202373410432,3.15,0.54,0.2380682136069389
2756,1,0,0.0,0.09,0.0,0.0
2805,1,1,0.1676352692894301,0.09,0.09,0.015087174236048708
2806,761,157,67.11128788247684,68.49,14.13,6.040015909422916
2807,1579,6,5.385491455556745,142.11,0.54,0.48469423100010706
2808,1600,0,0.0,144.0,0.0,0.0
2809,1598,0,0.0,143.82,0.0,0.0
2810,1597,0,0.0,143.73,0.0,0.0
2811,1600,0,0.0,144.0,0.0,0.0
2812,1600,0,0.0,144.0,0.0,0.0
2813,1600,0,0.0,144.0,0.0,0.0
2814,1600,0,0.0,144.0,0.0,0.0
2815,1597,0,0.04835622926741401,143.73,0.0,0.004352060634067261
2816,1191,27,27.469462423273797,107.19,2.43,2.4722516180946417
2817,1216,35,29.165841586270894,109.44,3.15,2.6249257427643804
2818,1370,18,10.483841737971847,123.3,1.62,0.9435457564174663
2819,1215,3,17.100716543399237,109.35,0.27,1.5390644889059313
2820,1088,25,50.408224958268946,97.92,2.25,4.536740246244205
2821,396,52,73.87480314158906,35.64,4.68,6.6487322827430155
2822,336,66,70.44765100623766,30.24,5.94,6.34028859056139
2823,59,25,11.422774984358403,5.31,2.25,1.0280497485922562
2886,268,94,45.70620383718679,24.12,8.46,4.113558345346811
2887,1373,33,15.795842064567022,123.57,2.97,1.4216257858110322
2888,1599,2,0.0,143.91,0.18,0.0
2889,1600,0,0.0,144.0,0.0,0.0
2890,1597,0,0.0,143.73,0.0,0.0
2891,1593,1,0.0,143.37,0.09,0.0
2892,1596,0,0.0,143.64,0.0,0.0
2893,1600,0,0.0,144.0,0.0,0.0
2894,1594,0,0.0,143.46,0.0,0.0
2895,1600,0,0.0,144.0,0.0,0.0
2896,1579,1,1.94328577974328,142.11,0.09,0.1748957201768952
2897,1395,48,3.3368205787529397,125.55,4.32,0.30031385208776457
2898,1500,3,1.3382478127685573,135.0,0.27,0.12044230314917015
2899,874,59,34.097762740428884,78.66,5.31,3.0687986466385997
2900,718,30,55.7701140768124,64.62,2.7,5.0193102669131155
2901,480,97,112.98864877161905,43.2,8.73,10.168978389445716
2902,348,116,104.04328548958219,31.32,10.44,9.363895694062398
2903,492,173,133.2570055260435,44.28,15.57,11.993130497343916
2904,262,0,33.12196557630175,23.58,0.0,2.9809769018671575
2944,2,0,0.0,0.18,0.0,0.0
2945,4,3,1.2552704919772688,0.36,0.27,0.11297434427795419
2966,66,24,6.605750106158502,5.94,2.16,0.5945175095542652
2967,1299,90,28.62570754285881,116.91,8.1,2.576313678857293
2968,1579,36,0.0527459323001685,142.11,3.24,0.004747133907015165
2969,1600,2,0.0,144.0,0.18,0.0
2970,1600,0,0.0,144.0,0.0,0.0
2971,1600,0,0.0,144.0,0.0,0.0
2972,1600,0,0.0,144.0,0.0,0.0
2973,1599,0,0.0,143.91,0.0,0.0
2974,1599,0,0.0,143.91,0.0,0.0
2975,1600,0,0.0,144.0,0.0,0.0
2976,1501,29,2.296304837699666,135.09,2.61,0.20666743539296994
2977,1584,3,0.5214725730496712,142.56,0.27,0.04693253157447041
2978,1495,28,2.919490455427668,134.55,2.52,0.26275414098849015
2979,1173,61,18.48509041944154,105.57,5.49,1.6636581377497386
2980,1202,25,29.68252554576885,108.18,2.25,2.6714272991191965
2981,1034,41,59.37346288818572,93.06,3.69,5.343611659936714
2982,762,88,101.90361522960993,68.58,7.92,9.171325370664894
2983,796,147,153.5306189978592,71.64,13.23,13.817755709807328
2984,11,0,1.754879248761472,0.99,0.0,0.15793913238853247
3046,81,27,26.475254919656464,7.29,2.43,2.3827729427690816
3047,1085,246,124.57878694536005,97.65,22.14,11.212090825082404
3048,1598,13,0.9083191074196683,143.82,1.17,0.08174871966777014
3049,1600,0,0.0,144.0,0.0,0.0
3050,1598,0,0.0,143.82,0.0,0.0
3051,1600,0,0.0,144.0,0.0,0.0
3052,1600,0,0.0,144.0,0.0,0.0
3053,1600,0,0.0,144.0,0.0,0.0
3054,1600,0,0.0,144.0,0.0,0.0
3055,1600,0,0.0,144.0,0.0,0.0
3056,1600,0,0.0,144.0,0.0,0.0
3057,1596,0,0.0,143.64,0.0,0.0
3058,1600,0,0.06992951623987374,144.0,0.0,0.006293656461588637
3059,1492,10,3.0560364763993673,134.28,0.9,0.27504328287594304
3060,1033,76,33.131688428191715,92.97,6.84,2.9818519585372547
3061,1307,23,5.936321138193811,117.63,2.07,0.534268902437443
3062,1428,25,20.463140737984347,128.52,2.25,1.8416826664185912
3063,789,145,106.47635134610289,71.01,13.05,9.58287162114926
3064,540,5,36.48290271026876,48.6,0.45,3.283461243924189
3126,79,52,29.577103835417667,7.11,4.68,2.6619393451875903
3127,978,218,235.44536916725693,88.02,19.62,21.190083225053122
3128,1453,111,29.18113080560887,130.77,9.99,2.626301772504798
3129,1600,7,0.0,144.0,0.63,0.0
3130,1600,0,0.0,144.0,0.0,0.0
3131,1600,0,0.0,144.0,0.0,0.0
3132,1600,0,0.0,144.0,0.0,0.0
3133,1600,0,0.0,144.0,0.0,0.0
3134,1600,0,0.0,144.0,0.0,0.0
3135,1600,0,0.0,144.0,0.0,0.0
3136,1600,0,0.0,144.0,0.0,0.0
3137,1600,0,0.0,144.0,0.0,0.0
3138,1600,0,0.0,144.0,0.0,0.0
3139,1454,11,1.0252859179418499,130.86,0.99,0.09227573261476649
3140,1242,19,9.373018928835949,111.78,1.71,0.8435717035952354
3141,1216,17,12.817037566330875,109.44,1.53,1.1535333809697788
3142,1205,17,10.50779218523058,108.45,1.53,0.9457012966707522
3143,893,189,70.287666657193,80.37,17.01,6.32588999914737
3144,607,69,78.63886241491967,54.63,6.21,7.07749761734277
3206,3,3,0.7299256225811231,0.27,0.27,0.06569330603230109
3207,370,117,130.3660874271407,33.3,10.53,11.732947868442663
3208,1380,68,33.23275767796487,124.2,6.12,2.9909481910168383
3209,1589,11,0.0,143.01,0.99,0.0
3210,1600,0,0.0,144.0,0.0,0.0
3211,1600,0,0.0,144.0,0.0,0.0
3212,1600,0,0.0,144.0,0.0,0.0
3213,1598,0,0.0,143.82,0.0,0.0
3214,1596,0,0.0,143.64,0.0,0.0
3215,1600,0,0.0,144.0,0.0,0.0
3216,1600,4,0.0,144.0,0.36,0.0
3217,1600,0,0.0,144.0,0.0,0.0
3218,1599,0,0.0,143.91,0.0,0.0
3219,1600,0,0.0,144.0,0.0,0.0
3220,1598,0,0.0,143.82,0.0,0.0
3221,1600,0,0.0,144.0,0.0,0.0
3222,1096,79,47.74684340327058,98.64,7.11,4.297215906294352
3223,1119,41,46.317121731196536,100.71,3.69,4.168540955807688
3224,481,72,75.51601159535562,43.29,6.48,6.796441043582005
3225,584,35,111.9928420685647,52.56,3.15,10.079355786170824
3226,18,0,0.5800417788241031,1.62,0.0,0.052203760094169285
3287,414,224,137.06919684395797,37.26,20.16,12.336227715956218
3288,1391,209,44.883595065087654,125.19,18.81,4.039523555857889
3289,1600,1,0.0,144.0,0.09,0.0
3290,1600,0,0.0,144.0,0.0,0.0
3291,1600,0,0.0,144.0,0.0,0.0
3292,1600,0,0.0,144.0,0.0,0.0
3293,1600,0,0.0,144.0,0.0,0.0
3294,1600,0,0.0,144.0,0.0,0.0
3295,1600,0,0.0,144.0,0.0,0.0
3296,1599,0,0.0,143.91,0.0,0.0
3297,1600,0,0.0,144.0,0.0,0.0
3298,1599,0,0.0,143.91,0.0,0.0
3299,1600,0,0.0,144.0,0.0,0.0
3300,1565,3,0.0,140.85,0.27,0.0
3301,1184,92,13.60701453490621,106.56,8.28,1.2246313081415587
3302,863,39,32.24863409571522,77.67,3.51,2.9023770686143697
3303,1027,157,101.26475515313673,92.43,14.13,9.113827963782306
3304,539,147,204.54271291835028,48.51,13.23,18.408844162651523
3305,286,48,81.09231445691692,25.74,4.32,7.298308301122523
3367,202,75,106.28638650780668,18.18,6.75,9.565774785702601
3368,1336,249,115.76567220349732,120.24,22.41,10.418910498314759
3369,1600,14,0.0,144.0,1.26,0.0
3370,1600,0,0.0,144.0,0.0,0.0
3371,1600,0,0.0,144.0,0.0,0.0
3372,1600,0,0.0,144.0,0.0,0.0
3373,1598,0,0.0,143.82,0.0,0.0
3374,1599,0,0.0,143.91,0.0,0.0
3375,1599,4,0.0,143.91,0.36,0.0
3376,1600,0,0.0,144.0,0.0,0.0
3377,1600,0,0.0,144.0,0.0,0.0
3378,1600,0,0.0,144.0,0.0,0.0
3379,1600,0,0.0,144.0,0.0,0.0
3380,1600,0,0.0,144.0,0.0,0.0
3381,1534,8,4.691515868830896,138.06,0.72,0.42223642819478063
3382,1469,36,7.7949406541386645,132.21,3.24,0.7015446588724797
3383,989,95,88.3703281173678,89.01,8.55,7.953329530563102
3384,917,127,189.97484895027745,82.53,11.43,17.09773640552497
3385,268,82,78.89174951883133,24.12,7.38,7.10025745669482
3447,277,195,95.8296668614032,24.93,17.55,8.624670017526286
3448,1158,312,55.552639345003634,104.22,28.08,4.999737541050327
3449,1582,193,1.3961741771045066,142.38,17.37,0.1256556759394056
3450,1599,2,0.15360214002590333,143.91,0.18,0.0138241926023313
3451,1600,3,0.0,144.0,0.27,0.0
3452,1600,0,0.0,144.0,0.0,0.0
3453,1600,0,0.0,144.0,0.0,0.0
3454,1600,0,0.0,144.0,0.0,0.0
3455,1600,0,0.0,144.0,0.0,0.0
3456,1600,0,0.0,144.0,0.0,0.0
3457,1577,1,0.0,141.93,0.09,0.0
3458,1590,0,0.0,143.1,0.0,0.0
3459,1599,0,0.0,143.91,0.0,0.0
3460,1600,0,0.0,144.0,0.0,0.0
3461,1558,9,0.7594772479058554,140.22,0.81,0.06835295231152698
3462,1544,5,0.7404321051305814,138.96,0.45,0.06663888946175234
3463,1353,43,24.051022819053017,121.77,3.87,2.1645920537147716
3464,691,170,201.51310503453297,62.19,15.3,18.136179453107967
3465,367,147,185.9754130772724,33.03,13.23,16.737787176954516
3466,15,2,9.041215196523629,1.35,0.18,0.8137093676871265
3527,97,40,22.621306034300932,8.73,3.6,2.035917543087084
3528,591,374,53.90912257381891,53.19,33.66,4.851821031643702
3529,1271,305,36.693082932836106,114.39,27.45,3.3023774639552497
3530,1556,45,7.360843101858934,140.04,4.05,0.6624758791673041
3531,1600,1,0.0,144.0,0.09,0.0
3532,1600,0,0.0,144.0,0.0,0.0
3533,1600,0,0.0,144.0,0.0,0.0
3534,1600,0,0.0,144.0,0.0,0.0
3535,1600,0,0.0,144.0,0.0,0.0
3536,1600,0,0.0,144.0,0.0,0.0
3537,1595,0,0.0,143.55,0.0,0.0
3538,1580,0,0.0,142.2,0.0,0.0
3539,1599,0,0.0,143.91,0.0,0.0
3540,1598,0,0.0,143.82,0.0,0.0
3541,1600,0,0.0,144.0,0.0,0.0
3542,1510,52,10.18232763421037,135.9,4.68,0.9164094870789333
3543,1098,51,56.626936225637195,98.82,4.59,5.096424260307348
3544,543,107,198.80689259121243,48.87,9.63,17.89262033320912
3545,169,48,142.11399896744322,15.21,4.32,12.79025990706989
3546,48,20,35.80551755580509,4.32,1.8,3.222496580022458
3607,199,67,49.07165232899554,17.91,6.03,4.416448709609599
3608,297,224,87.01281148806243,26.73,20.16,7.8311530339256175
3609,869,436,138.56258665659402,78.21,39.24,12.470632799093462
3610,1560,103,13.415002388147421,140.4,9.27,1.2073502149332678
3611,1579,7,0.01137793629821506,142.11,0.63,0.0010240142668393555
3612,1600,1,0.0,144.0,0.09,0.0
3613,1600,0,0.0,144.0,0.0,0.0
3614,1600,0,0.0,144.0,0.0,0.0
3615,1600,0,0.0,144.0,0.0,0.0
3616,1599,0,0.0,143.91,0.0,0.0
3617,1587,0,0.0,142.83,0.0,0.0
3618,1586,0,0.0,142.74,0.0,0.0
3619,1594,0,0.0,143.46,0.0,0.0
3620,1596,6,0.0,143.64,0.54,0.0
3621,1486,4,8.39976678936833,133.74,0.36,0.7559790110431497
3622,853,35,55.49528773944644,76.77,3.15,4.994575896550179
3623,503,75,201.60402092982918,45.27,6.75,18.144361883684628
3624,512,92,317.7170127547877,46.08,8.28,28.594531147930894
3625,469,124,237.97663708863845,42.21,11.16,21.41789733797746
3626,44,12,13.554508031694986,3.96,1.08,1.2199057228525487
3687,154,8,30.582279196247697,13.86,0.72,2.7524051276622927
3688,47,29,36.5464753871647,4.23,2.61,3.2891827848448227
3689,539,311,173.5735596092891,48.51,27.99,15.62162036483602
3690,1262,152,32.57994186894333,113.58,13.68,2.9321947682048997
3691,1531,18,5.178417266408904,137.79,1.62,0.46605755397680143
3692,1599,1,0.0654231337147366,143.91,0.09,0.005888082034326294
3693,1595,0,0.1564466241004571,143.55,0.0,0.014080196169041138
3694,1600,0,0.0,144.0,0.0,0.0
3695,1600,0,0.0,144.0,0.0,0.0
3696,1599,0,0.0,143.91,0.0,0.0
3697,1600,0,0.0,144.0,0.0,0.0
3698,1597,0,0.0,143.73,0.0,0.0
3699,1599,0,0.0,143.91,0.0,0.0
3700,1496,2,1.5885211594486246,134.64,0.18,0.1429669043503762
3701,1410,3,5.927357538519294,126.9,0.27,0.5334621784667365
3702,1372,26,40.12332514912384,123.48,2.34,3.6110992634211456
3703,911,80,123.85013949436717,81.99,7.2,11.146512554493047
3704,373,70,161.15350659876492,33.57,6.3,14.503815593888843
3705,538,136,145.86169388522868,48.42,12.24,13.12755244967058
3706,68,7,12.791145528140714,6.12,0.63,1.1512030975326644
3767,45,2,4.288683372456402,4.05,0.18,0.38598150352107624
3768,201,69,42.5073921672901,18.09,6.21,3.8256652950561088
3769,483,172,59.5596730932458,43.47,15.48,5.360370578392122
3770,896,147,31.70123148540383,80.64,13.23,2.8531108336863444
3771,1219,138,30.672981461818914,109.71,12.42,2.7605683315637024
3772,1549,46,5.48220847756325,139.41,4.14,0.49339876298069246
3773,1594,8,3.5899277203518385,143.46,0.72,0.3230934948316655
3774,1489,18,38.13864476208204,134.01,1.62,3.4324780285873837
3775,1600,0,0.0,144.0,0.0,0.0
3776,1600,0,0.0,144.0,0.0,0.0
3777,1600,0,0.0,144.0,0.0,0.0
3778,1549,1,0.0,139.41,0.09,0.0
3779,1559,0,0.0,140.31,0.0,0.0
3780,1594,1,0.04384817685168286,143.46,0.09,0.0039463359166514575
3781,1368,25,4.474332695924324,123.12,2.25,0.40268994263318914
3782,1265,81,27.784746420965952,113.85,7.29,2.5006271778869356
3783,1049,92,153.37199035770138,94.41,8.28,13.803479132193123
3784,760,124,153.22082115009033,68.4,11.16,13.789873903508129
3785,463,128,107.39385384755568,41.67,11.52,9.66544684628001
3786,118,17,24.902646137742323,10.62,1.53,2.241238152396809
3848,18,16,10.118172587190971,1.62,1.44,0.9106355328471875
3849,120,58,59.56843813008038,10.8,5.22,5.361159431707234
3850,559,213,46.934161847359086,50.31,19.17,4.224074566262318
3851,1109,162,33.72425096318602,99.81,14.58,3.035182586686742
3852,1563,105,9.068642003171355,140.67,9.45,0.816177780285422
3853,1560,83,12.560991411694308,140.4,7.47,1.1304892270524878
3854,1422,103,41.42613850645775,127.98,9.27,3.728352465581197
3855,1597,10,0.0,143.73,0.9,0.0
3856,1563,16,0.0,140.67,1.44,0.0
3857,1565,6,0.0,140.85,0.54,0.0
3858,1414,0,0.0,127.26,0.0,0.0
3859,1569,0,0.0,141.21,0.0,0.0
3860,1576,0,0.06826761778929036,141.84,0.0,0.006144085601036132
3861,1312,22,22.16859229327601,118.08,1.98,1.995173306394841
3862,930,145,62.0999061192984,83.7,13.05,5.588991550736856
3863,559,153,155.1681175266522,50.31,13.77,13.965130577398696
3864,338,63,136.46814115177514,30.42,5.67,12.282132703659764
3865,152,67,81.44183169516961,13.68,6.03,7.329764852565265
3866,3,1,1.2120147422686574,0.27,0.09,0.10908132680417916
3928,8,1,6.344088052576273,0.72,0.09,0.5709679247318646
3929,93,39,33.95955129172029,8.37,3.51,3.056359616254826
3930,320,119,63.26917528940459,28.8,10.71,5.694225776046413
3931,720,221,124.60857164867863,64.8,19.89,11.214771448381077
3932,1367,337,33.58616754720821,123.03,30.33,3.022755079248739
3933,1497,225,30.058485182274616,134.73,20.25,2.7052636664047154
3934,1532,18,6.8895544206027415,137.88,1.62,0.6200598978542468
3935,1590,0,0.9225664190312288,143.1,0.0,0.0830309777128106
3936,1592,8,0.0,143.28,0.72,0.0
3937,1559,3,0.0,140.31,0.27,0.0
3938,1515,1,0.0,136.35,0.09,0.0
3939,1596,2,0.0,143.64,0.18,0.0
3940,1589,0,0.0,143.01,0.0,0.0
3941,1383,45,25.003479403139877,124.47,4.05,2.250313146282589
3942,1012,56,70.37747256437662,91.08,5.04,6.333972530793895
3943,662,101,129.42999913814694,59.58,9.09,11.648699922433225
3944,66,27,36.257592745702084,5.94,2.43,3.2631833471131877
3945,211,69,100.07634245388795,18.99,6.21,9.006870820849915
4009,64,21,28.336450222309715,5.76,1.89,2.5502805200078744
4010,383,212,135.69167546899135,34.47,19.08,12.212250792209222
4011,568,316,150.20374187099875,51.12,28.44,13.518336768389888
4012,1129,149,126.26613187445615,101.61,13.41,11.363951868701054
4013,1027,136,60.351237350294966,92.43,12.24,5.4316113615265476
4014,1220,222,62.55489019192753,109.8,19.98,5.6299401172734775
4015,1519,46,25.198712760530384,136.71,4.14,2.2678841484477346
4016,1600,0,0.0,144.0,0.0,0.0
4017,1597,2,0.0,143.73,0.18,0.0
4018,1597,0,0.0,143.73,0.0,0.0
4019,1581,0,0.0,142.29,0.0,0.0
4020,1537,2,0.1105939406803415,138.33,0.18,0.009953454661230734
4021,1492,21,3.8689952483635732,134.28,1.89,0.3482095723527216
4022,1304,110,30.339372254773522,117.36,9.9,2.730543502929617
4023,811,231,224.15667213583367,72.99,20.79,20.17410049222503
4024,666,243,219.90631291982072,59.94,21.87,19.791568162783864
4025,150,41,43.70990491274073,13.5,3.69,3.933891442146666
4089,26,11,13.936964745667142,2.34,0.99,1.2543268271100427
4090,166,100,136.12644869036598,14.94,9.0,12.251380382132938
4091,471,172,299.4297159440924,42.39,15.48,26.948674434968318
4092,315,134,172.1206974925667,28.35,12.06,15.490862774331003
4093,1238,220,119.36581033237516,111.42,19.8,10.742922929913764
4094,1485,220,42.60231231490373,133.65,19.8,3.8342081083413353
4095,1570,31,11.00607968178243,141.3,2.79,0.9905471713604187
4096,1596,22,0.21049182151697862,143.64,1.98,0.018944263936528077
4097,1594,18,0.0,143.46,1.62,0.0
4098,1600,0,0.0,144.0,0.0,0.0
4099,1591,0,0.0,143.19,0.0,0.0
4100,1474,0,2.5251408949175107,132.66,0.0,0.22726268054257598
4101,1444,9,20.82022737746808,129.96,0.81,1.8738204639721272
4102,1240,94,80.30535955512467,111.6,8.46,7.227482359961219
4103,631,149,161.7186466121153,56.79,13.41,14.554678195090377
4104,148,35,71.87973989687968,13.32,3.15,6.469176590719171
4131,2,0,0.7450179794402847,0.18,0.0,0.06705161814962562
4170,21,14,17.91473718856839,1.89,1.26,1.6123263469711553
4171,280,132,238.8631625142452,25.2,11.88,21.49768462628207
4172,540,229,320.7241230447848,48.6,20.61,28.86517107403063
4173,1223,214,169.6595102542694,110.07,19.26,15.269355922884246
4174,1398,139,39.821230495724734,125.82,12.51,3.583910744615226
4175,1435,130,23.640101121519805,129.15,11.7,2.1276091009367826
4176,1461,43,22.234315470180995,131.49,3.87,2.0010883923162894
4177,1549,24,12.22938816444116,139.41,2.16,1.1006449347997045
4178,1552,5,0.7775455706920973,139.68,0.45,0.06997910136228876
4179,1539,0,0.9045459357080974,138.51,0.0,0.08140913421372876
4180,1373,27,5.0259489369841495,123.57,2.43,0.45233540432857344
4181,1110,75,74.45533127902421,99.9,6.75,6.700979815112178
4182,644,65,81.34114333993837,57.96,5.85,7.320702900594454
4183,75,21,17.39959245589837,6.75,1.89,1.5659633210308535
4209,22,0,13.074392659643527,1.98,0.0,1.1766953393679174
4210,100,16,81.74222669641753,9.0,1.44,7.356800402677577
4211,542,72,302.2168306866633,48.78,6.48,27.199514761799698
4212,149,17,67.5028872439658,13.41,1.53,6.075259851956922
4213,30,2,0.9668591365312984,2.7,0.18,0.08701732228781685
4250,1,1,0.8530827232651614,0.09,0.09,0.07677744509386453
4251,215,140,138.6018189618308,19.35,12.6,12.47416370656477
4252,812,305,243.9298216780877,73.08,27.45,21.95368395102789
4253,1166,122,59.487731704145425,104.94,10.98,5.353895853373088
4254,1192,73,27.262344338645722,107.28,6.57,2.453610990478115
4255,1316,109,29.356591547609092,118.44,9.81,2.642093239284818
4256,1546,61,29.488671484574226,139.14,5.49,2.65398043361168
4257,1374,86,34.09538832549273,123.66,7.74,3.0685849492943458
4258,1428,32,15.426666881079667,128.52,2.88,1.38840001929717
4259,1393,59,18.90860955572479,125.37,5.31,1.701774860015231
4260,1173,38,41.22166889673618,105.57,3.42,3.709950200706256
4261,1037,56,41.364311616269426,93.33,5.04,3.722788045464248
4262,64,6,9.713310312935443,5.76,0.54,0.8741979281641897
4288,40,0,5.455440722256692,3.6,0.0,0.49098966500310226
4289,493,50,26.29286418196254,44.37,4.5,2.3663577763766286
4290,935,72,114.76429863197298,84.15,6.48,10.328786876877567
4291,1057,110,181.6645897897854,95.13,9.9,16.349813081080686
4292,220,46,110.03951841682537,19.8,4.14,9.903556657514283
4293,521,5,78.33307780470118,46.89,0.45,7.049977002423105
4294,318,4,13.97415173759258,28.62,0.36,1.2576736563833322
4295,31,6,3.50678491376503,2.79,0.54,0.3156106422388527
4331,41,26,9.65703103156924,3.69,2.34,0.8691327928412317
4332,807,77,62.119959149965474,72.63,6.93,5.5907963234968925
4333,1574,3,5.583019648362445,141.66,0.27,0.5024717683526201
4334,1561,22,3.5579404084115,140.49,1.98,0.320214636757035
4335,1386,118,37.02558709130771,124.74,10.62,3.3323028382176942
4336,1491,40,28.523704589960456,134.19,3.6,2.5671334130964407
4337,1269,205,72.37428116177036,114.21,18.45,6.513685304559332
4338,1080,119,72.00984443848097,97.2,10.71,6.480885999463287
4339,1197,108,108.47420928528861,107.73,9.72,9.762678835675974
4340,1262,146,83.74008463728583,113.58,13.14,7.536607617355725
4341,281,13,18.19724784146799,25.29,1.17,1.6377523057321193
4367,49,2,5.313855774413507,4.41,0.18,0.4782470196972156
4368,551,7,13.080178761435743,49.59,0.63,1.1772160885292169
4369,1221,20,28.848601439727418,109.89,1.8,2.5963741295754676
4370,761,46,75.89645528440762,68.49,4.14,6.830680975596685
4371,811,70,110.01644019269307,72.99,6.3,9.901479617342376
4372,474,61,102.69118044045923,42.66,5.49,9.242206239641332
4373,284,16,85.36625089263676,25.56,1.44,7.682962580337309
4374,253,22,25.81009824541163,22.77,1.98,2.3229088420870467
4375,175,22,83.646487694096,15.75,1.98,7.52818389246864
4412,211,22,1.339105877419342,18.99,1.98,0.12051952896774078
4413,1564,23,0.8048820113844821,140.76,2.07,0.07243938102460339
4414,1600,0,0.0,144.0,0.0,0.0
4415,1595,7,1.0385912125172767,143.55,0.63,0.09347320912655491
4416,1405,67,34.43977975666637,126.45,6.03,3.0995801780999734
4417,1097,168,137.65777266952668,98.73,15.12,12.389199540257401
4418,689,77,69.32970709626804,62.01,6.93,6.239673638664123
4419,1015,110,28.85397230687445,91.35,9.9,2.5968575076187004
4420,553,31,8.967346023040054,49.77,2.79,0.8070611420736049
4447,152,22,35.39044745990124,13.68,1.98,3.185140271391112
4448,1092,40,132.2126148359783,98.28,3.6,11.899135335238045
4449,1354,41,19.716485206267325,121.86,3.69,1.7744836685640593
4450,1094,22,40.83120177371422,98.46,1.98,3.6748081596342796
4451,974,26,115.59369773392271,87.66,2.34,10.403432796053044
4452,767,95,193.08685145015406,69.03,8.55,17.377816630513863
4453,753,56,112.43253932803694,67.77,5.04,10.118928539523326
4454,294,36,90.33655102889293,26.46,3.24,8.130289592600363
4455,331,30,136.61933720443923,29.79,2.7,12.295740348399532
4456,133,3,3.696002713520992,11.97,0.27,0.33264024421688926
4492,74,5,9.598875958337954,6.66,0.45,0.8638988362504159
4493,1516,36,57.502834566150824,136.44,3.24,5.175255110953574
4494,1575,40,16.184650777388782,141.75,3.6,1.4566185699649905
4495,1569,51,12.571160460110502,141.21,4.59,1.1314044414099451
4496,387,78,37.254170212493094,34.83,7.02,3.3528753191243785
4497,143,35,32.186922162597355,12.87,3.15,2.896822994633762
4527,15,0,9.720818341644645,1.35,0.0,0.874873650748018
4528,343,15,55.924924168551215,30.87,1.35,5.033243175169609
4529,1072,4,31.612766271564528,96.48,0.36,2.8451489644408077
4530,1097,23,39.844201312188765,98.73,2.07,3.585978118096989
4531,798,38,72.28695617389354,71.82,3.42,6.505826055650419
4532,687,48,112.95799109516501,61.83,4.32,10.166219198564852
4533,507,28,96.54559257184523,45.63,2.52,8.689103331466072
4534,379,27,84.59576306706282,34.11,2.43,7.613618676035653
4535,561,10,46.4368496665568,50.49,0.9,4.179316469990112
4536,1015,15,5.750300219814075,91.35,1.35,0.5175270197832667
4537,279,1,1.1491553083644384,25.11,0.09,0.10342397775279945
4572,15,0,5.122827771483821,1.35,0.0,0.4610544994335439
4573,423,96,162.2107344000892,38.07,8.64,14.598966096008027
4574,598,98,69.58503795489402,53.82,8.82,6.262653415940462
4575,455,40,12.913442344709054,40.95,3.6,1.1622098110238148
4576,1,0,0.1119977400526449,0.09,0.0,0.010079796604738041
4606,107,11,14.269211037982625,9.63,0.99,1.2842289934184363
4607,365,14,50.16082509956639,32.85,1.26,4.514474258960975
4608,194,7,18.77798390575714,17.46,0.63,1.6900185515181427
4609,1345,13,18.95923608802862,121.05,1.17,1.7063312479225758
4610,1212,30,37.15067908739001,109.08,2.7,3.343561117865101
4611,468,28,72.73068523384019,42.12,2.52,6.545761671045618
4612,110,5,47.70801662568709,9.9,0.45,4.2937214963118375
4613,319,33,69.03008373192824,28.71,2.97,6.212707535873542
4614,64,5,35.42816416953117,5.76,0.45,3.1885347752578053
4615,42,6,13.290096049095222,3.78,0.54,1.19610864441857
4616,62,1,2.3616028171817676,5.58,0.09,0.21254425354635909
4617,601,9,34.073164652177645,54.09,0.81,3.066584818695988
4618,93,5,26.733633910983784,8.37,0.45,2.4060270519885405
4686,575,10,39.48947895263268,51.75,0.9,3.5540531057369416
4687,789,71,67.83371254884523,71.01,6.39,6.105034129396071
4688,226,23,48.04483090055531,20.34,2.07,4.324034781049978
4689,1389,53,27.90464090265449,125.01,4.77,2.511417681238904
4690,1397,26,13.186175542118148,125.73,2.34,1.1867557987906334
4691,1102,14,66.76632542306962,99.18,1.26,6.0089692880762655
4692,523,26,92.1079212245036,47.07,2.34,8.289712910205324
4693,332,17,47.919275833422034,29.88,1.53,4.312734825007983
4694,55,15,39.351666893794814,4.95,1.35,3.541650020441533
4695,454,31,114.09259118870537,40.86,2.79,10.268333206983485
4696,277,33,47.93564194203251,24.93,2.97,4.3142077747829255
4697,340,14,48.14002484407096,30.6,1.26,4.3326022359663865
4698,336,19,64.49076418857611,30.24,1.71,5.804168776971849
4766,203,7,19.382718036236824,18.27,0.63,1.744444623261314
4767,270,30,61.43741599165005,24.3,2.7,5.529367439248505
4768,563,42,107.13051147910076,50.67,3.78,9.641746033119068
4769,1268,61,51.43206615022667,114.12,5.49,4.6288859535204
4770,1109,107,79.74921915478994,99.81,9.63,7.177429723931096
4771,1082,37,60.36981024064755,97.38,3.33,5.43328292165828
4772,935,34,73.2925011777332,84.15,3.06,6.596325105995987
4773,718,29,59.519771822402596,64.62,2.61,5.356779464016234
4774,347,18,47.56986485571338,31.23,1.62,4.281287837014204
4775,292,8,76.86039455339957,26.28,0.72,6.917435509805962
4776,121,28,81.82143778149538,10.89,2.52,7.363929400334585
4777,512,5,35.68884525424624,46.08,0.45,3.2119960728821613
4778,117,18,32.17660706757469,10.53,1.62,2.895894636081722
4846,19,0,13.30256828362664,1.71,0.0,1.1972311455263975
4847,153,13,61.10208265686055,13.77,1.17,5.49918743911745
4848,682,64,134.45100209609186,61.38,5.76,12.100590188648267
4849,822,81,180.7616199817643,73.98,7.29,16.268545798358787
4850,565,100,206.15053665705273,50.85,9.0,18.553548299134743
4851,706,66,142.01099967724764,63.54,5.94,12.780989970952287
4852,276,24,77.08275519204682,24.84,2.16,6.937447967284213
4853,636,9,70.99118451485351,57.24,0.81,6.389206606336816
4854,787,8,54.70603576360384,70.83,0.72,4.923543218724346
4855,432,12,79.37123883729572,38.88,1.08,7.143411495356616
4856,70,2,13.487209840159245,6.3,0.18,1.213848885614332
4857,251,9,11.912689974236313,22.59,0.81,1.0721420976812681
4858,92,10,5.668142413493079,8.28,0.9,0.5101328172143772
4927,51,3,8.829040948310334,4.59,0.27,0.7946136853479301
4928,598,56,82.88133253172157,53.82,5.04,7.459319927854941
4929,648,34,175.4792185439205,58.32,3.06,15.793129668952846
4930,156,29,89.02610450568892,14.04,2.61,8.012349405512003
4931,463,71,117.2963925674897,41.67,6.39,10.556675331074073
4932,212,26,51.264887824205225,19.08,2.34,4.61383990417847
4933,121,21,40.73141040298604,10.89,1.89,3.665826936268744
4934,138,5,24.273066995607017,12.42,0.45,2.1845760296046315
4935,257,12,36.45369548874472,23.13,1.08,3.280832593987025
4936,572,6,43.10519620356502,51.48,0.54,3.879467658320852
4937,248,22,17.703606653483114,22.32,1.98,1.5933245988134803
4938,1,0,0.37250898972014235,0.09,0.0,0.03352580907481281
5007,3,2,2.5592481697954845,0.27,0.18,0.23033233528159364
5008,510,29,57.78020803096996,45.9,2.61,5.200218722787296
5009,770,93,150.53194959626873,69.3,8.37,13.547875463664186
5010,204,28,71.66376109750549,18.36,2.52,6.449738498775494
5011,637,56,159.18237855029682,57.33,5.04,14.326414069526713
5012,276,23,63.232294503249776,24.84,2.07,5.69090650529248
5013,249,13,62.53537777094297,22.41,1.17,5.628183999384867
5014,178,7,32.23498467120904,16.02,0.63,2.9011486204088137
5015,806,13,23.915980139996986,72.54,1.17,2.1524382125997286
5016,182,24,6.145763211522017,16.38,2.16,0.5531186890369816
5064,5,2,2.108643859153792,0.45,0.18,0.18977794732384126
5065,4,0,2.216417959067307,0.36,0.0,0.19947761631605765
5087,4,2,3.4123308930606457,0.36,0.18,0.3071097803754581
5088,8,4,6.8246617861212915,0.72,0.36,0.6142195607509162
5089,283,63,49.83467756943612,25.47,5.67,4.48512098124925
5090,1184,65,74.00309231568849,106.56,5.85,6.660278308411964
5091,826,79,81.19115198123156,74.34,7.11,7.30720367831084
5092,579,55,57.02443866683648,52.11,4.95,5.1321994800152835
5093,973,183,92.79498948561962,87.57,16.47,8.351549053705766
5094,725,50,36.99757121352006,65.25,4.5,3.3297814092168054
5095,93,15,3.621583741514089,8.37,1.35,0.325942536736268
5139,6,0,0.12106980536182428,0.54,0.0,0.010896282482564187
5142,7,0,0.32672285043472277,0.63,0.0,0.029405056539125046
5143,23,2,1.6288717812432547,2.07,0.18,0.14659846031189291
5144,60,41,11.96254893870435,5.4,3.69,1.0766294044833915
5145,16,8,5.514897734637795,1.44,0.72,0.4963407961174016
5169,3,0,1.735844225522288,0.27,0.0,0.1562259802970059
5170,82,23,12.724883257844827,7.38,2.07,1.1452394932060344
5171,578,27,27.565798080614723,52.02,2.43,2.480921827255325
5172,595,48,29.69738216627913,53.55,4.32,2.672764394965122
5173,498,13,12.17912649191234,44.82,1.17,1.0961213842721107
5174,39,7,1.707181013943197,3.51,0.63,0.15364629125488774
5218,174,97,44.512363206163386,15.66,8.73,4.006112688554705
5219,778,100,42.763059101693734,70.02,9.0,3.848675319152436
5220,6,4,0.28833116235479483,0.54,0.36,0.025949804611931533
5222,174,66,24.434803553952904,15.66,5.94,2.1991323198557615
5223,42,12,12.481083835374253,3.78,1.08,1.1232975451836829
5224,5,4,3.92258340559763,0.45,0.36,0.3530325065037867
5298,52,28,24.68973306942904,4.68,2.52,2.2220759762486133
5299,425,105,44.96340517412674,38.25,9.45,4.046706465671407
5300,50,12,5.061021347622168,4.5,1.08,0.4554919212859951
5302,66,49,9.438110776747388,5.94,4.41,0.8494299699072649
5303,9,4,1.1524816947080578,0.81,0.36,0.1037233525237252
5304,2,0,1.7061654465303229,0.18,0.0,0.15355489018772905
5379,2,2,0.6158175305805167,0.18,0.18,0.0554235777522465
5381,6,4,0.0,0.54,0.36,0.0
5382,2,2,1.7061654465303229,0.18,0.18,0.15355489018772905
5383,132,88,112.6069194710013,11.88,7.92,10.134622752390118
5463,9,2,7.677744509386454,0.81,0.18,0.6909970058447807
5464,1,1,0.8530827232651614,0.09,0.09,0.07677744509386453
